name,latitude,longitude,city,estimated_cost,category_attraction,category_museum,category_park,category_theme_park,attr_culture_score,attr_nature_score,attr_entertainment_score,interest_match_score,cost_ratio,budget_score,final_score,key
Centre d'Histoire de la Résistance et de la Déportation,45.7464306,4.8359519,Lyon,15,0,1,0,0,1,0,0,0.7802857225639666,0.3,0.7,0.7562000057947765,1
Musée urbain Tony Garnier,45.7335086,4.8629827,Lyon,15,0,1,0,0,1,0,0,0.7802857225639666,0.3,0.7,0.7562000057947765,1
Musée de l'Armée,48.8570374,2.3118779,Paris,15,0,1,0,0,1,0,0,0.7802857225639666,0.3,0.7,0.7562000057947765,1
Point zéro des Routes de France,48.8534015,2.3487885,Paris,5,1,0,0,0,1,0,0,0.7802857225639666,0.1,0.9,0.8162000057947766,1
Musée des Arts Décoratifs,48.8631692,2.3329513,Paris,15,0,1,0,0,1,0,0,0.7802857225639666,0.3,0.7,0.7562000057947765,1
Musée des Arts et Métiers,48.8660977,2.3554138,Paris,15,0,1,0,0,1,0,0,0.7802857225639666,0.3,0.7,0.7562000057947765,1
Centre d'art contemporain du Fort du Bruissin,45.7305319,4.7385345,Lyon,15,0,1,0,0,1,0,0,0.7802857225639666,0.3,0.7,0.7562000057947765,1
Musée national Gustave Moreau,48.8778955,2.3345468,Paris,15,0,1,0,0,1,0,0,0.7802857225639666,0.3,0.7,0.7562000057947765,1
Musée Grévin,48.8718365,2.3420974,Paris,15,0,1,0,0,1,0,0,0.7802857225639666,0.3,0.7,0.7562000057947765,1
Musée Edith Piaf,48.8662368,2.3817367,Paris,15,0,1,0,0,1,0,0,0.7802857225639666,0.3,0.7,0.7562000057947765,1
Espace Dali,48.88648,2.3399022,Paris,15,0,1,0,0,1,0,0,0.7802857225639666,0.3,0.7,0.7562000057947765,1
Cité des Sciences et de l'Industrie,48.8957518,2.3879761,Paris,15,0,1,0,0,1,0,0,0.7802857225639666,0.3,0.7,0.7562000057947765,1
Maison de Victor Hugo,48.854799,2.3661358,Paris,15,0,1,0,0,1,0,0,0.7802857225639666,0.3,0.7,0.7562000057947765,1
Vedettes de Paris,48.8588633,2.2918544,Paris,5,1,0,0,0,1,0,0,0.7802857225639666,0.1,0.9,0.8162000057947766,1
Maison européenne de la Photographie,48.8551205,2.3589562,Paris,15,0,1,0,0,1,0,0,0.7802857225639666,0.3,0.7,0.7562000057947765,1
Robinier du square René Viviani,48.8521855,2.3472903,Paris,5,1,0,0,0,1,0,0,0.7802857225639666,0.1,0.9,0.8162000057947766,1
Cité des Enfants (5-12 ans),48.8957352,2.3886935,Paris,15,0,1,0,0,1,0,0,0.7802857225639666,0.3,0.7,0.7562000057947765,1
Place du Carrousel,48.861633,2.3340447,Paris,5,1,0,0,0,1,0,0,0.7802857225639666,0.1,0.9,0.8162000057947766,1
Catacombes de Paris,48.8337439,2.3322925,Paris,15,0,1,0,0,1,0,0,0.7802857225639666,0.3,0.7,0.7562000057947765,1
Fontaine Cuvier,48.8439963,2.3550311,Paris,5,1,0,0,0,1,0,0,0.7802857225639666,0.1,0.9,0.8162000057947766,1
Ferme caprine de l'Hermitage,45.8282326,4.7784778,Lyon,5,1,0,0,0,1,0,0,0.7802857225639666,0.1,0.9,0.8162000057947766,1
Lavoir,45.8374134,4.8053212,Lyon,5,1,0,0,0,1,0,0,0.7802857225639666,0.1,0.9,0.8162000057947766,1
Le Petit Bouillon Pharamond,48.8630052,2.3485011,Paris,5,1,0,0,0,1,0,0,0.7802857225639666,0.1,0.9,0.8162000057947766,1
Fontaine Médicis,48.8480587,2.3392944,Paris,5,1,0,0,0,1,0,0,0.7802857225639666,0.1,0.9,0.8162000057947766,1
Conciergerie,48.8559492,2.3460263,Paris,15,0,1,0,0,1,0,0,0.7802857225639666,0.3,0.7,0.7562000057947765,1
Brasserie Bofinger,48.8539095,2.3680433,Paris,5,1,0,0,0,1,0,0,0.7802857225639666,0.1,0.9,0.8162000057947766,1
Musée du Vin,48.8575222,2.284569,Paris,15,0,1,0,0,1,0,0,0.7802857225639666,0.3,0.7,0.7562000057947765,1
Renard des Steppes,48.8453955,2.3614522,Paris,5,1,0,0,0,1,0,0,0.7802857225639666,0.1,0.9,0.8162000057947766,1
Takin,48.8449433,2.3611035,Paris,5,1,0,0,0,1,0,0,0.7802857225639666,0.1,0.9,0.8162000057947766,1
Markhor,48.8455992,2.3601919,Paris,5,1,0,0,0,1,0,0,0.7802857225639666,0.1,0.9,0.8162000057947766,1
Cheval de Przewalski,48.8455987,2.3610025,Paris,5,1,0,0,0,1,0,0,0.7802857225639666,0.1,0.9,0.8162000057947766,1
Tapir malais,48.8460274,2.36141,Paris,5,1,0,0,0,1,0,0,0.7802857225639666,0.1,0.9,0.8162000057947766,1
Chèvres des montagnes rocheuses,48.845395,2.3600837,Paris,5,1,0,0,0,1,0,0,0.7802857225639666,0.1,0.9,0.8162000057947766,1
Flamant des Caraïbes,48.8451325,2.3585787,Paris,5,1,0,0,0,1,0,0,0.7802857225639666,0.1,0.9,0.8162000057947766,1
Vigognes,48.8448648,2.3615333,Paris,5,1,0,0,0,1,0,0,0.7802857225639666,0.1,0.9,0.8162000057947766,1
Casoars à casque,48.8461195,2.360275,Paris,5,1,0,0,0,1,0,0,0.7802857225639666,0.1,0.9,0.8162000057947766,1
Oryx d'Arabie,48.8449788,2.3620536,Paris,5,1,0,0,0,1,0,0,0.7802857225639666,0.1,0.9,0.8162000057947766,1
Gaur,48.8444306,2.35884,Paris,5,1,0,0,0,1,0,0,0.7802857225639666,0.1,0.9,0.8162000057947766,1
Pademelons,48.8450246,2.3589585,Paris,5,1,0,0,0,1,0,0,0.7802857225639666,0.1,0.9,0.8162000057947766,1
Sanglier de Visayas,48.8448968,2.3592364,Paris,5,1,0,0,0,1,0,0,0.7802857225639666,0.1,0.9,0.8162000057947766,1
Chèvres du Sénégal,48.8445478,2.3594168,Paris,5,1,0,0,0,1,0,0,0.7802857225639666,0.1,0.9,0.8162000057947766,1
Wallaby de Bennett,48.844406,2.3578617,Paris,5,1,0,0,0,1,0,0,0.7802857225639666,0.1,0.9,0.8162000057947766,1
Gaur,48.8446941,2.3581762,Paris,5,1,0,0,0,1,0,0,0.7802857225639666,0.1,0.9,0.8162000057947766,1
Goral,48.8451002,2.3603422,Paris,5,1,0,0,0,1,0,0,0.7802857225639666,0.1,0.9,0.8162000057947766,1
Gaur,48.8443675,2.3593861,Paris,5,1,0,0,0,1,0,0,0.7802857225639666,0.1,0.9,0.8162000057947766,1
Potamochère roux,48.8446411,2.3605583,Paris,5,1,0,0,0,1,0,0,0.7802857225639666,0.1,0.9,0.8162000057947766,1
Ara,48.8457133,2.3599754,Paris,5,1,0,0,0,1,0,0,0.7802857225639666,0.1,0.9,0.8162000057947766,1
Musée de la Poste,48.8414555,2.317219,Paris,15,0,1,0,0,1,0,0,0.7802857225639666,0.3,0.7,0.7562000057947765,1
Galerie-musée Baccarat,48.8677391,2.2936393,Paris,15,0,1,0,0,1,0,0,0.7802857225639666,0.3,0.7,0.7562000057947765,1
Trompe-œil Bach,48.8307373,2.366252,Paris,5,1,0,0,0,1,0,0,0.7802857225639666,0.1,0.9,0.8162000057947766,1
Himalaya,48.844063,2.3591577,Paris,5,1,0,0,0,1,0,0,0.7802857225639666,0.1,0.9,0.8162000057947766,1
Serre de Nouvelle-Calédonie,48.8431338,2.3572563,Paris,5,1,0,0,0,1,0,0,0.7802857225639666,0.1,0.9,0.8162000057947766,1
Cévennes,48.8439327,2.3586581,Paris,5,1,0,0,0,1,0,0,0.7802857225639666,0.1,0.9,0.8162000057947766,1
Maroc,48.8441742,2.3588085,Paris,5,1,0,0,0,1,0,0,0.7802857225639666,0.1,0.9,0.8162000057947766,1
Corse,48.8441587,2.3590142,Paris,5,1,0,0,0,1,0,0,0.7802857225639666,0.1,0.9,0.8162000057947766,1
Forêts tropicales humides,48.8433054,2.3580196,Paris,5,1,0,0,0,1,0,0,0.7802857225639666,0.1,0.9,0.8162000057947766,1
Rapaces diurnes,48.8458624,2.3599834,Paris,5,1,0,0,0,1,0,0,0.7802857225639666,0.1,0.9,0.8162000057947766,1
Espagne,48.8441758,2.3585181,Paris,5,1,0,0,0,1,0,0,0.7802857225639666,0.1,0.9,0.8162000057947766,1
Balkans,48.8440565,2.3582832,Paris,5,1,0,0,0,1,0,0,0.7802857225639666,0.1,0.9,0.8162000057947766,1
Provence,48.8441366,2.3586465,Paris,5,1,0,0,0,1,0,0,0.7802857225639666,0.1,0.9,0.8162000057947766,1
Préalpes,48.8439166,2.3585197,Paris,5,1,0,0,0,1,0,0,0.7802857225639666,0.1,0.9,0.8162000057947766,1
USA,48.8440008,2.3589658,Paris,5,1,0,0,0,1,0,0,0.7802857225639666,0.1,0.9,0.8162000057947766,1
Zone arides des déserts,48.8431839,2.3575411,Paris,5,1,0,0,0,1,0,0,0.7802857225639666,0.1,0.9,0.8162000057947766,1
Alpes,48.8439389,2.358275,Paris,5,1,0,0,0,1,0,0,0.7802857225639666,0.1,0.9,0.8162000057947766,1
Histoire des Plantes,48.8429803,2.3568019,Paris,5,1,0,0,0,1,0,0,0.7802857225639666,0.1,0.9,0.8162000057947766,1
Caucase,48.8441665,2.359246,Paris,5,1,0,0,0,1,0,0,0.7802857225639666,0.1,0.9,0.8162000057947766,1
La Galerie des Enfants,48.8425172,2.3561671,Paris,5,1,0,0,0,1,0,0,0.7802857225639666,0.1,0.9,0.8162000057947766,1
Japon - Chine,48.8440975,2.3594894,Paris,5,1,0,0,0,1,0,0,0.7802857225639666,0.1,0.9,0.8162000057947766,1
Tourbière,48.8438012,2.3582264,Paris,5,1,0,0,0,1,0,0,0.7802857225639666,0.1,0.9,0.8162000057947766,1
Rapaces nocturnes,48.8445919,2.3612089,Paris,5,1,0,0,0,1,0,0,0.7802857225639666,0.1,0.9,0.8162000057947766,1
Panda roux,48.8441801,2.3598139,Paris,5,1,0,0,0,1,0,0,0.7802857225639666,0.1,0.9,0.8162000057947766,1
Binturong,48.8442979,2.3601736,Paris,5,1,0,0,0,1,0,0,0.7802857225639666,0.1,0.9,0.8162000057947766,1
Musée du Service de Santé des Armées,48.8403652,2.3414281,Paris,15,0,1,0,0,1,0,0,0.7802857225639666,0.3,0.7,0.7562000057947765,1
Musée du chocolat,48.870585,2.3500955,Paris,15,0,1,0,0,1,0,0,0.7802857225639666,0.3,0.7,0.7562000057947765,1
Cabinet de curiosités,48.8733087,2.3423149,Paris,5,1,0,0,0,1,0,0,0.7802857225639666,0.1,0.9,0.8162000057947766,1
Cité de l'architecture et du patrimoine,48.8628901,2.288981,Paris,15,0,1,0,0,1,0,0,0.7802857225639666,0.3,0.7,0.7562000057947765,1
Musée de la Marine,48.8618163,2.2873421,Paris,15,0,1,0,0,1,0,0,0.7802857225639666,0.3,0.7,0.7562000057947765,1
Musée de la Franc-Maçonnerie,48.8749151,2.3431481,Paris,15,0,1,0,0,1,0,0,0.7802857225639666,0.3,0.7,0.7562000057947765,1
City Aventure Lyon - Ste Foy,45.7258436,4.7930643,Lyon,5,1,0,0,0,1,0,0,0.7802857225639666,0.1,0.9,0.8162000057947766,1
Espace des Sciences Pierre-Gilles de Gennes,48.8411575,2.3473052,Paris,15,0,1,0,0,1,0,0,0.7802857225639666,0.3,0.7,0.7562000057947765,1
Fondation Le Corbusier,48.8519022,2.2652413,Paris,15,0,1,0,0,1,0,0,0.7802857225639666,0.3,0.7,0.7562000057947765,1
Musée de la Contrefaçon,48.8703234,2.2765175,Paris,15,0,1,0,0,1,0,0,0.7802857225639666,0.3,0.7,0.7562000057947765,1
Pavillons de Bercy,48.8327663,2.3893382,Paris,15,0,1,0,0,1,0,0,0.7802857225639666,0.3,0.7,0.7562000057947765,1
Musée Cinéma & Miniature,45.7618753,4.8272985,Lyon,15,0,1,0,0,1,0,0,0.7802857225639666,0.3,0.7,0.7562000057947765,1
Musée Adam Mickiewicz,48.8513494,2.355588,Paris,15,0,1,0,0,1,0,0,0.7802857225639666,0.3,0.7,0.7562000057947765,1
Musée Clemenceau,48.8591945,2.285142,Paris,15,0,1,0,0,1,0,0,0.7802857225639666,0.3,0.7,0.7562000057947765,1
Musée-Librairie du Compagnonnage,48.8522269,2.335005,Paris,15,0,1,0,0,1,0,0,0.7802857225639666,0.3,0.7,0.7562000057947765,1
Musée Valentin Haüy,48.8476741,2.3140391,Paris,15,0,1,0,0,1,0,0,0.7802857225639666,0.3,0.7,0.7562000057947765,1
Musée d'Histoire de la Médecine,48.8513247,2.3409022,Paris,15,0,1,0,0,1,0,0,0.7802857225639666,0.3,0.7,0.7562000057947765,1
Musée Maillol,48.8547723,2.3249025,Paris,15,0,1,0,0,1,0,0,0.7802857225639666,0.3,0.7,0.7562000057947765,1
Musée de Minéralogie,48.8453935,2.3394599,Paris,15,0,1,0,0,1,0,0,0.7802857225639666,0.3,0.7,0.7562000057947765,1
Musée Moissan,48.8434624,2.3362665,Paris,15,0,1,0,0,1,0,0,0.7802857225639666,0.3,0.7,0.7562000057947765,1
Bibliothèque-Musée de l'Opéra,48.871882,2.331212,Paris,15,0,1,0,0,1,0,0,0.7802857225639666,0.3,0.7,0.7562000057947765,1
Musée de la Préfecture de Police,48.8494311,2.3483534,Paris,15,0,1,0,0,1,0,0,0.7802857225639666,0.3,0.7,0.7562000057947765,1
Square Georges Contenot,48.8373537,2.3964048,Paris,0,0,0,1,0,0,1,0,0.892797576724562,0.0,1.0,0.9249583037071933,1
Institut d'art contemporain,45.7625393,4.8727591,Lyon,15,0,1,0,0,1,0,0,0.7802857225639666,0.3,0.7,0.7562000057947765,1
Musée de l'automobile Henri Malartre,45.8449493,4.8371587,Lyon,15,0,1,0,0,1,0,0,0.7802857225639666,0.3,0.7,0.7562000057947765,1
Tours de Notre-Dame,48.8533658,2.3493036,Paris,5,1,0,0,0,1,0,0,0.7802857225639666,0.1,0.9,0.8162000057947766,1
Le Gros Caillou,45.7745651,4.8350113,Lyon,5,1,0,0,0,1,0,0,0.7802857225639666,0.1,0.9,0.8162000057947766,1
Fontaine à l'eau ferrugineuse,45.6630605,4.7115351,Lyon,5,1,0,0,0,1,0,0,0.7802857225639666,0.1,0.9,0.8162000057947766,1
Fondation Bullukian,45.7566217,4.8311317,Lyon,15,0,1,0,0,1,0,0,0.7802857225639666,0.3,0.7,0.7562000057947765,1
Trésor de Notre-Dame,48.8526313,2.3500601,Paris,15,0,1,0,0,1,0,0,0.7802857225639666,0.3,0.7,0.7562000057947765,1
Le Lido,48.8724266,2.3008705,Paris,5,1,0,0,0,1,0,0,0.7802857225639666,0.1,0.9,0.8162000057947766,1
Chais et Entrepôts de Bercy,48.8327851,2.3883176,Paris,5,1,0,0,0,1,0,0,0.7802857225639666,0.1,0.9,0.8162000057947766,1
Musée National d'Art Moderne,48.860324,2.3522598,Paris,15,0,1,0,0,1,0,0,0.7802857225639666,0.3,0.7,0.7562000057947765,1
Cité Florale,48.822703,2.3448195,Paris,5,1,0,0,0,1,0,0,0.7802857225639666,0.1,0.9,0.8162000057947766,1
Tour de l'Horloge,48.856193,2.3462327,Paris,5,1,0,0,0,1,0,0,0.7802857225639666,0.1,0.9,0.8162000057947766,1
Carrières souterraines des Capucins,48.8371564,2.3395284,Paris,5,1,0,0,0,1,0,0,0.7802857225639666,0.1,0.9,0.8162000057947766,1
Le Petit Train,48.8222506,2.3378888,Paris,5,1,0,0,0,1,0,0,0.7802857225639666,0.1,0.9,0.8162000057947766,1
Musée Antoine Brun,45.7747844,4.690323,Lyon,15,0,1,0,0,1,0,0,0.7802857225639666,0.3,0.7,0.7562000057947765,1
Maison de Madame Violet Trefusis,48.850924,2.328973,Paris,5,1,0,0,0,1,0,0,0.7802857225639666,0.1,0.9,0.8162000057947766,1
Canauxrama,48.8508544,2.3681264,Paris,5,1,0,0,0,1,0,0,0.7802857225639666,0.1,0.9,0.8162000057947766,1
Art Ludique - Le Musée,48.8405179,2.3703276,Paris,15,0,1,0,0,1,0,0,0.7802857225639666,0.3,0.7,0.7562000057947765,1
Collection des minéraux,48.8475408,2.3548406,Paris,15,0,1,0,0,1,0,0,0.7802857225639666,0.3,0.7,0.7562000057947765,1
Musée d'histoire de la médecine et de la pharmacie de Lyon,45.7414332,4.8805413,Lyon,15,0,1,0,0,1,0,0,0.7802857225639666,0.3,0.7,0.7562000057947765,1
Entrée du musée gallo-romain de Lyon,45.759028,4.8211073,Lyon,15,0,1,0,0,1,0,0,0.7802857225639666,0.3,0.7,0.7562000057947765,1
Babouin de Guinée,48.8332416,2.4198595,Paris,5,1,0,0,0,1,0,0,0.7802857225639666,0.1,0.9,0.8162000057947766,1
Capucin,48.8327665,2.4172099,Paris,5,1,0,0,0,1,0,0,0.7802857225639666,0.1,0.9,0.8162000057947766,1
Capybara,48.8335185,2.4176311,Paris,5,1,0,0,0,1,0,0,0.7802857225639666,0.1,0.9,0.8162000057947766,1
Chien des buissons,48.8335694,2.4181101,Paris,5,1,0,0,0,1,0,0,0.7802857225639666,0.1,0.9,0.8162000057947766,1
Girafe,48.8323403,2.4194524,Paris,5,1,0,0,0,1,0,0,0.7802857225639666,0.1,0.9,0.8162000057947766,1
Glouton,48.8339227,2.4183487,Paris,5,1,0,0,0,1,0,0,0.7802857225639666,0.1,0.9,0.8162000057947766,1
Grand Koudou,48.8328776,2.4184285,Paris,5,1,0,0,0,1,0,0,0.7802857225639666,0.1,0.9,0.8162000057947766,1
Guanaco,48.8317882,2.4168664,Paris,5,1,0,0,0,1,0,0,0.7802857225639666,0.1,0.9,0.8162000057947766,1
Jaguar,48.8334011,2.4180359,Paris,5,1,0,0,0,1,0,0,0.7802857225639666,0.1,0.9,0.8162000057947766,1
Lion d'Afrique,48.8310766,2.41959,Paris,5,1,0,0,0,1,0,0,0.7802857225639666,0.1,0.9,0.8162000057947766,1
Loup ibérique,48.8341311,2.4190277,Paris,5,1,0,0,0,1,0,0,0.7802857225639666,0.1,0.9,0.8162000057947766,1
Lynx d'Europe,48.8338315,2.4180006,Paris,5,1,0,0,0,1,0,0,0.7802857225639666,0.1,0.9,0.8162000057947766,1
Mara,48.8322148,2.416247,Paris,5,1,0,0,0,1,0,0,0.7802857225639666,0.1,0.9,0.8162000057947766,1
Marabout d'Afrique,48.8327121,2.4179368,Paris,5,1,0,0,0,1,0,0,0.7802857225639666,0.1,0.9,0.8162000057947766,1
Propithèque couronné,48.8328041,2.4159236,Paris,5,1,0,0,0,1,0,0,0.7802857225639666,0.1,0.9,0.8162000057947766,1
Poudou,48.8310245,2.4177516,Paris,5,1,0,0,0,1,0,0,0.7802857225639666,0.1,0.9,0.8162000057947766,1
Singe laineux,48.8329881,2.4174663,Paris,5,1,0,0,0,1,0,0,0.7802857225639666,0.1,0.9,0.8162000057947766,1
Tapir terrestre,48.8333984,2.417529,Paris,5,1,0,0,0,1,0,0,0.7802857225639666,0.1,0.9,0.8162000057947766,1
Vautour fauve,48.8343102,2.419898,Paris,5,1,0,0,0,1,0,0,0.7802857225639666,0.1,0.9,0.8162000057947766,1
Zèbre de Grévy,48.8316935,2.4183734,Paris,5,1,0,0,0,1,0,0,0.7802857225639666,0.1,0.9,0.8162000057947766,1
Autruche,48.8325853,2.4182148,Paris,5,1,0,0,0,1,0,0,0.7802857225639666,0.1,0.9,0.8162000057947766,1
Addax,48.8321129,2.4185267,Paris,5,1,0,0,0,1,0,0,0.7802857225639666,0.1,0.9,0.8162000057947766,1
Grand Calao terrestre,48.8313143,2.4186572,Paris,5,1,0,0,0,1,0,0,0.7802857225639666,0.1,0.9,0.8162000057947766,1
Grue couronnée,48.8326179,2.4184909,Paris,5,1,0,0,0,1,0,0,0.7802857225639666,0.1,0.9,0.8162000057947766,1
Manchot de Humboldt,48.8317571,2.4175394,Paris,5,1,0,0,0,1,0,0,0.7802857225639666,0.1,0.9,0.8162000057947766,1
Vigogne,48.8326251,2.415763,Paris,5,1,0,0,0,1,0,0,0.7802857225639666,0.1,0.9,0.8162000057947766,1
Otarie à crinière,48.8320654,2.4172845,Paris,5,1,0,0,0,1,0,0,0.7802857225639666,0.1,0.9,0.8162000057947766,1
Puma,48.831296,2.4179519,Paris,5,1,0,0,0,1,0,0,0.7802857225639666,0.1,0.9,0.8162000057947766,1
Rhinocéros blanc,48.8315124,2.4188586,Paris,5,1,0,0,0,1,0,0,0.7802857225639666,0.1,0.9,0.8162000057947766,1
Aigrette garzette,48.833723,2.418647,Paris,5,1,0,0,0,1,0,0,0.7802857225639666,0.1,0.9,0.8162000057947766,1
Ara hyacinthe,48.8333367,2.4172979,Paris,5,1,0,0,0,1,0,0,0.7802857225639666,0.1,0.9,0.8162000057947766,1
Avocette élégante,48.833656,2.41868,Paris,5,1,0,0,0,1,0,0,0.7802857225639666,0.1,0.9,0.8162000057947766,1
Calao trompette,48.8336347,2.4185416,Paris,5,1,0,0,0,1,0,0,0.7802857225639666,0.1,0.9,0.8162000057947766,1
Chevalier gambette,48.8335914,2.4187338,Paris,5,1,0,0,0,1,0,0,0.7802857225639666,0.1,0.9,0.8162000057947766,1
Cigogne d'Abdim,48.8337427,2.4188073,Paris,5,1,0,0,0,1,0,0,0.7802857225639666,0.1,0.9,0.8162000057947766,1
Dendrocygne fauve,48.833559,2.4186222,Paris,5,1,0,0,0,1,0,0,0.7802857225639666,0.1,0.9,0.8162000057947766,1
Echasse blanche,48.8335487,2.4188435,Paris,5,1,0,0,0,1,0,0,0.7802857225639666,0.1,0.9,0.8162000057947766,1
Flamant rose,48.8335036,2.4187406,Paris,5,1,0,0,0,1,0,0,0.7802857225639666,0.1,0.9,0.8162000057947766,1
Fossa,48.833464,2.415708,Paris,5,1,0,0,0,1,0,0,0.7802857225639666,0.1,0.9,0.8162000057947766,1
Lémuriens,48.8331122,2.4160451,Paris,5,1,0,0,0,1,0,0,0.7802857225639666,0.1,0.9,0.8162000057947766,1
Héron garde-bœuf,48.8336902,2.4187471,Paris,5,1,0,0,0,1,0,0,0.7802857225639666,0.1,0.9,0.8162000057947766,1
Ibis chauve,48.8337317,2.4187481,Paris,5,1,0,0,0,1,0,0,0.7802857225639666,0.1,0.9,0.8162000057947766,1
Ibis falcinelle,48.8337548,2.4187199,Paris,5,1,0,0,0,1,0,0,0.7802857225639666,0.1,0.9,0.8162000057947766,1
Loutre d'Europe,48.8338687,2.4201002,Paris,5,1,0,0,0,1,0,0,0.7802857225639666,0.1,0.9,0.8162000057947766,1
Milan royal,48.8340761,2.4198391,Paris,5,1,0,0,0,1,0,0,0.7802857225639666,0.1,0.9,0.8162000057947766,1
Ombrette,48.8336728,2.418609,Paris,5,1,0,0,0,1,0,0,0.7802857225639666,0.1,0.9,0.8162000057947766,1
Pigeon de Guinée,48.833626,2.4188171,Paris,5,1,0,0,0,1,0,0,0.7802857225639666,0.1,0.9,0.8162000057947766,1
Roussette paillée africaine,48.83363,2.4167909,Paris,5,1,0,0,0,1,0,0,0.7802857225639666,0.1,0.9,0.8162000057947766,1
Sarcelle hottentote,48.8335077,2.4186125,Paris,5,1,0,0,0,1,0,0,0.7802857225639666,0.1,0.9,0.8162000057947766,1
Souchet d'Europe,48.8335388,2.4186801,Paris,5,1,0,0,0,1,0,0,0.7802857225639666,0.1,0.9,0.8162000057947766,1
Spatule d'Afrique,48.833693,2.418539,Paris,5,1,0,0,0,1,0,0,0.7802857225639666,0.1,0.9,0.8162000057947766,1
Tantale ibis,48.8336694,2.4188689,Paris,5,1,0,0,0,1,0,0,0.7802857225639666,0.1,0.9,0.8162000057947766,1
Tortue rayonnée,48.8327045,2.4163472,Paris,5,1,0,0,0,1,0,0,0.7802857225639666,0.1,0.9,0.8162000057947766,1
Touraco violet,48.8335913,2.4185543,Paris,5,1,0,0,0,1,0,0,0.7802857225639666,0.1,0.9,0.8162000057947766,1
Vanneau armé,48.8336099,2.4188822,Paris,5,1,0,0,0,1,0,0,0.7802857225639666,0.1,0.9,0.8162000057947766,1
Vautour moine,48.8342155,2.4199097,Paris,5,1,0,0,0,1,0,0,0.7802857225639666,0.1,0.9,0.8162000057947766,1
Vautour percnoptère,48.8341778,2.4198114,Paris,5,1,0,0,0,1,0,0,0.7802857225639666,0.1,0.9,0.8162000057947766,1
Vivarium européen,48.8338149,2.4198954,Paris,5,1,0,0,0,1,0,0,0.7802857225639666,0.1,0.9,0.8162000057947766,1
Grille du Coq,48.8684576,2.3152392,Paris,5,1,0,0,0,1,0,0,0.7802857225639666,0.1,0.9,0.8162000057947766,1
Clos de la Rosette,45.8335307,4.8072341,Lyon,5,1,0,0,0,1,0,0,0.7802857225639666,0.1,0.9,0.8162000057947766,1
Bureau de Gustave Eiffel,48.8582685,2.2945812,Paris,5,1,0,0,0,1,0,0,0.7802857225639666,0.1,0.9,0.8162000057947766,1
Musée de l'Ordre de la Libération,48.8556933,2.311332,Paris,15,0,1,0,0,1,0,0,0.7802857225639666,0.3,0.7,0.7562000057947765,1
Musée des Plans-Reliefs,48.8564589,2.3132374,Paris,15,0,1,0,0,1,0,0,0.7802857225639666,0.3,0.7,0.7562000057947765,1
Boutique Souvenirs du Petit Musée de Guignol,45.7639034,4.8281374,Lyon,15,0,1,0,0,1,0,0,0.7802857225639666,0.3,0.7,0.7562000057947765,1
Caborne,45.8416918,4.8005465,Lyon,5,1,0,0,0,1,0,0,0.7802857225639666,0.1,0.9,0.8162000057947766,1
L'Araire,45.7088748,4.5916928,Lyon,15,0,1,0,0,1,0,0,0.7802857225639666,0.3,0.7,0.7562000057947765,1
Cour de l'Etoile d'Or,48.8522054,2.3749353,Paris,5,1,0,0,0,1,0,0,0.7802857225639666,0.1,0.9,0.8162000057947766,1
Musée de l'Homme,48.8620467,2.2876525,Paris,15,0,1,0,0,1,0,0,0.7802857225639666,0.3,0.7,0.7562000057947765,1
Maison des mathématiques et de l'informatique,45.7299317,4.8280106,Lyon,15,0,1,0,0,1,0,0,0.7802857225639666,0.3,0.7,0.7562000057947765,1
Caborne,45.8394678,4.8139127,Lyon,5,1,0,0,0,1,0,0,0.7802857225639666,0.1,0.9,0.8162000057947766,1
Caborne,45.8323485,4.812665,Lyon,5,1,0,0,0,1,0,0,0.7802857225639666,0.1,0.9,0.8162000057947766,1
Cité des Enfants (2-7 ans),48.8961521,2.3880996,Paris,15,0,1,0,0,1,0,0,0.7802857225639666,0.3,0.7,0.7562000057947765,1
Musée de l'Océanie,45.6443418,4.4481263,Lyon,15,0,1,0,0,1,0,0,0.7802857225639666,0.3,0.7,0.7562000057947765,1
La Tour Rose,45.7629626,4.8269316,Lyon,5,1,0,0,0,1,0,0,0.7802857225639666,0.1,0.9,0.8162000057947766,1
Porte de Riverie,45.6311532,4.4535256,Lyon,5,1,0,0,0,1,0,0,0.7802857225639666,0.1,0.9,0.8162000057947766,1
Tour du Rempart,45.6319868,4.4528511,Lyon,5,1,0,0,0,1,0,0,0.7802857225639666,0.1,0.9,0.8162000057947766,1
Maison des métiers,45.6333214,4.4549908,Lyon,15,0,1,0,0,1,0,0,0.7802857225639666,0.3,0.7,0.7562000057947765,1
#onlylyon,45.7305017,4.8182051,Lyon,5,1,0,0,0,1,0,0,0.7802857225639666,0.1,0.9,0.8162000057947766,1
Défis Pirate,45.677051,4.9669635,Lyon,60,0,0,0,1,0,0,1,0.3468055921327309,1.2,0.0,0.2427639144929116,1
Puits de la Motte,45.6781707,4.3845937,Lyon,5,1,0,0,0,1,0,0,0.7802857225639666,0.1,0.9,0.8162000057947766,1
Musée en Herbe,48.8601457,2.3421021,Paris,15,0,1,0,0,1,0,0,0.7802857225639666,0.3,0.7,0.7562000057947765,1
Fontaine du Fellah,48.84879,2.3210687,Paris,5,1,0,0,0,1,0,0,0.7802857225639666,0.1,0.9,0.8162000057947766,1
Mini World Lyon,45.7647877,4.9232356,Lyon,5,1,0,0,0,1,0,0,0.7802857225639666,0.1,0.9,0.8162000057947766,1
Rue des Eaux,48.8575654,2.28408,Paris,5,1,0,0,0,1,0,0,0.7802857225639666,0.1,0.9,0.8162000057947766,1
Institut Lumière,45.7450881,4.8706151,Lyon,15,0,1,0,0,1,0,0,0.7802857225639666,0.3,0.7,0.7562000057947765,1
Champs Élysées,48.8707573,2.3053312,Paris,5,1,0,0,0,1,0,0,0.7802857225639666,0.1,0.9,0.8162000057947766,1
La Roche Percée,45.8509437,4.800456,Lyon,5,1,0,0,0,1,0,0,0.7802857225639666,0.1,0.9,0.8162000057947766,1
Musée des Archives nationales,48.8604503,2.3578119,Paris,15,0,1,0,0,1,0,0,0.7802857225639666,0.3,0.7,0.7562000057947765,1
Musée Boleslas Biegas,48.8513131,2.35562,Paris,15,0,1,0,0,1,0,0,0.7802857225639666,0.3,0.7,0.7562000057947765,1
Le Génie de la Liberté,48.8531664,2.3691393,Paris,0,0,0,1,0,0,1,0,0.892797576724562,0.0,1.0,0.9249583037071933,1
Anoa,48.845316,2.3624736,Paris,5,1,0,0,0,1,0,0,0.7802857225639666,0.1,0.9,0.8162000057947766,1
Tortue géante des Seychelles,48.8445932,2.3596855,Paris,5,1,0,0,0,1,0,0,0.7802857225639666,0.1,0.9,0.8162000057947766,1
Porcs-épics,48.8454834,2.3595762,Paris,5,1,0,0,0,1,0,0,0.7802857225639666,0.1,0.9,0.8162000057947766,1
Outardes Houbara,48.8463094,2.3605176,Paris,5,1,0,0,0,1,0,0,0.7802857225639666,0.1,0.9,0.8162000057947766,1
Bharal,48.8456281,2.3605739,Paris,5,1,0,0,0,1,0,0,0.7802857225639666,0.1,0.9,0.8162000057947766,1
Chat de Pallas,48.8447297,2.3618426,Paris,5,1,0,0,0,1,0,0,0.7802857225639666,0.1,0.9,0.8162000057947766,1
Martre à gorge jaune,48.8447668,2.362017,Paris,5,1,0,0,0,1,0,0,0.7802857225639666,0.1,0.9,0.8162000057947766,1
Arkal,48.8443683,2.3597438,Paris,5,1,0,0,0,1,0,0,0.7802857225639666,0.1,0.9,0.8162000057947766,1
Nilgaut,48.8449237,2.3606068,Paris,5,1,0,0,0,1,0,0,0.7802857225639666,0.1,0.9,0.8162000057947766,1
Nandou,48.8447013,2.3610306,Paris,5,1,0,0,0,1,0,0,0.7802857225639666,0.1,0.9,0.8162000057947766,1
Versalles,48.8324071,2.2880076,Paris,5,1,0,0,0,1,0,0,0.7802857225639666,0.1,0.9,0.8162000057947766,1
Hôtel d'Estaing,45.7615067,4.8272594,Lyon,5,1,0,0,0,1,0,0,0.7802857225639666,0.1,0.9,0.8162000057947766,1
Sortie des Catacombes,48.8295257,2.3345327,Paris,5,1,0,0,0,1,0,0,0.7802857225639666,0.1,0.9,0.8162000057947766,1
Montparnasse,48.8424217,2.3286868,Paris,5,1,0,0,0,1,0,0,0.7802857225639666,0.1,0.9,0.8162000057947766,1
Maison des Canuts,45.777106,4.8336847,Lyon,15,0,1,0,0,1,0,0,0.7802857225639666,0.3,0.7,0.7562000057947765,1
Musée National de l'Histoire de l'Immigration,48.8351424,2.4093613,Paris,15,0,1,0,0,1,0,0,0.7802857225639666,0.3,0.7,0.7562000057947765,1
"Plaque commémorant la première frappe du canon allemand « Pariser Kanonen », le 23 mars 1918",48.8847546,2.3708845,Paris,5,1,0,0,0,1,0,0,0.7802857225639666,0.1,0.9,0.8162000057947766,1
Barthélémy,48.8544952,2.3255993,Paris,5,1,0,0,0,1,0,0,0.7802857225639666,0.1,0.9,0.8162000057947766,1
King Aventure,45.8015106,4.7665084,Lyon,60,0,0,0,1,0,0,1,0.3468055921327309,1.2,0.0,0.2427639144929116,1
Musée Jean Couty,45.797918,4.8293849,Lyon,15,0,1,0,0,1,0,0,0.7802857225639666,0.3,0.7,0.7562000057947765,1
Musée de la Musique,48.8901928,2.393712,Paris,15,0,1,0,0,1,0,0,0.7802857225639666,0.3,0.7,0.7562000057947765,1
Plan d'eau - Espace vert Pré de la Grand Font,45.6802188,4.477162,Lyon,0,0,0,1,0,0,1,0,0.892797576724562,0.0,1.0,0.9249583037071933,1
Gnomon astronomique,48.8512608,2.3349582,Paris,5,1,0,0,0,1,0,0,0.7802857225639666,0.1,0.9,0.8162000057947766,1
Musée de la psychiatrie et des neurosciences,48.8297287,2.3400182,Paris,15,0,1,0,0,1,0,0,0.7802857225639666,0.3,0.7,0.7562000057947765,1
Pont du Carroussel,48.8592971,2.3328879,Paris,5,1,0,0,0,1,0,0,0.7802857225639666,0.1,0.9,0.8162000057947766,1
Pont Morland,48.8471128,2.3659914,Paris,5,1,0,0,0,1,0,0,0.7802857225639666,0.1,0.9,0.8162000057947766,1
Angle des rues des Saules et Francœur,48.8908314,2.3405192,Paris,5,1,0,0,0,1,0,0,0.7802857225639666,0.1,0.9,0.8162000057947766,1
Rue des Rosiers,48.8577892,2.3581374,Paris,5,1,0,0,0,1,0,0,0.7802857225639666,0.1,0.9,0.8162000057947766,1
Square de Montsouris,48.8236132,2.3336268,Paris,5,1,0,0,0,1,0,0,0.7802857225639666,0.1,0.9,0.8162000057947766,1
Rue Lamarck,48.8888739,2.3438778,Paris,5,1,0,0,0,1,0,0,0.7802857225639666,0.1,0.9,0.8162000057947766,1
Rue de l'Abreuvoir,48.8882109,2.3389711,Paris,5,1,0,0,0,1,0,0,0.7802857225639666,0.1,0.9,0.8162000057947766,1
Gare Abandonnée - Ateliers d’Avron,48.8535156,2.4076479,Paris,5,1,0,0,0,1,0,0,0.7802857225639666,0.1,0.9,0.8162000057947766,1
La Petite Alsace,48.8278467,2.3463423,Paris,5,1,0,0,0,1,0,0,0.7802857225639666,0.1,0.9,0.8162000057947766,1
Les Bateaux Lyonnais,45.7609435,4.8307512,Lyon,5,1,0,0,0,1,0,0,0.7802857225639666,0.1,0.9,0.8162000057947766,1
Atelier Mattelon,45.7801248,4.8353898,Lyon,15,0,1,0,0,1,0,0,0.7802857225639666,0.3,0.7,0.7562000057947765,1
Villa et Jardin Bagatelle,45.6661314,4.8262489,Lyon,5,1,0,0,0,1,0,0,0.7802857225639666,0.1,0.9,0.8162000057947766,1
Maison Natale du Curé d'Ars,45.804587,4.7534242,Lyon,15,0,1,0,0,1,0,0,0.7802857225639666,0.3,0.7,0.7562000057947765,1
Musée du papillon,48.8651689,2.4076338,Paris,15,0,1,0,0,1,0,0,0.7802857225639666,0.3,0.7,0.7562000057947765,1
Marché aux Timbres,48.8687721,2.3144686,Paris,5,1,0,0,0,1,0,0,0.7802857225639666,0.1,0.9,0.8162000057947766,1
Dassault Super Mystère B2,45.8503899,4.7876931,Lyon,5,1,0,0,0,1,0,0,0.7802857225639666,0.1,0.9,0.8162000057947766,1
Dassault Mirage III C,45.8553852,4.7872274,Lyon,5,1,0,0,0,1,0,0,0.7802857225639666,0.1,0.9,0.8162000057947766,1
Dassault Mirage F1 C,45.8541256,4.7856027,Lyon,5,1,0,0,0,1,0,0,0.7802857225639666,0.1,0.9,0.8162000057947766,1
Espace culturel du christianisme à Lyon,45.7600362,4.8231111,Lyon,15,0,1,0,0,1,0,0,0.7802857225639666,0.3,0.7,0.7562000057947765,1
old Toulouse-Lautrec's studio,48.887505,2.3332331,Paris,5,1,0,0,0,1,0,0,0.7802857225639666,0.1,0.9,0.8162000057947766,1
Theo and Jo (Van Gogh bro),48.8802266,2.3337623,Paris,5,1,0,0,0,1,0,0,0.7802857225639666,0.1,0.9,0.8162000057947766,1
Appartement de Ernest Hemingway,48.8448459,2.3495962,Paris,5,1,0,0,0,1,0,0,0.7802857225639666,0.1,0.9,0.8162000057947766,1
Résidence Rollin,48.8448083,2.350314,Paris,5,1,0,0,0,1,0,0,0.7802857225639666,0.1,0.9,0.8162000057947766,1
Entre'Vue,45.7840258,4.7359961,Lyon,15,0,1,0,0,1,0,0,0.7802857225639666,0.3,0.7,0.7562000057947765,1
Musée des Moulages,45.7515932,4.8543123,Lyon,15,0,1,0,0,1,0,0,0.7802857225639666,0.3,0.7,0.7562000057947765,1
Rue Mouffetard,48.8398068,2.3498169,Paris,5,1,0,0,0,1,0,0,0.7802857225639666,0.1,0.9,0.8162000057947766,1
One Hour,48.8558602,2.3883293,Paris,5,1,0,0,0,1,0,0,0.7802857225639666,0.1,0.9,0.8162000057947766,1
Le paradis des enfants,48.8323777,2.3253244,Paris,5,1,0,0,0,1,0,0,0.7802857225639666,0.1,0.9,0.8162000057947766,1
Foire du Trône,48.8318631,2.4044439,Paris,60,0,0,0,1,0,0,1,0.3468055921327309,1.2,0.0,0.2427639144929116,1
Barque du bac à traille,45.6428452,4.8150265,Lyon,5,1,0,0,0,1,0,0,0.7802857225639666,0.1,0.9,0.8162000057947766,1
PILI RATP,48.8617098,2.3148081,Paris,5,1,0,0,0,1,0,0,0.7802857225639666,0.1,0.9,0.8162000057947766,1
Cité de l'Économie,48.8818908,2.3106965,Paris,15,0,1,0,0,1,0,0,0.7802857225639666,0.3,0.7,0.7562000057947765,1
Musée des Hospices Civils de Lyon,45.7608407,4.8315116,Lyon,15,0,1,0,0,1,0,0,0.7802857225639666,0.3,0.7,0.7562000057947765,1
Maillot,48.8773674,2.2775542,Paris,5,1,0,0,0,1,0,0,0.7802857225639666,0.1,0.9,0.8162000057947766,1
Sablons,48.878026,2.2687544,Paris,5,1,0,0,0,1,0,0,0.7802857225639666,0.1,0.9,0.8162000057947766,1
Centre Kapla Animation,45.7481001,4.840829,Lyon,60,0,0,0,1,0,0,1,0.3468055921327309,1.2,0.0,0.2427639144929116,1
Le Musée du Fumeur,48.8586455,2.382222,Paris,15,0,1,0,0,1,0,0,0.7802857225639666,0.3,0.7,0.7562000057947765,1
Cité Internationale de la Gastronomie de Lyon,45.7596898,4.8362144,Lyon,15,0,1,0,0,1,0,0,0.7802857225639666,0.3,0.7,0.7562000057947765,1
History Group Store,48.8579648,2.2993451,Paris,5,1,0,0,0,1,0,0,0.7802857225639666,0.1,0.9,0.8162000057947766,1
Musco,45.8144541,4.7725724,Lyon,15,0,1,0,0,1,0,0,0.7802857225639666,0.3,0.7,0.7562000057947765,1
Musée de la Photographie Saint-Bonnet-de-Mure,45.689911,5.0289877,Lyon,15,0,1,0,0,1,0,0,0.7802857225639666,0.3,0.7,0.7562000057947765,1
Kid's Galaxy,45.7000671,5.0152373,Lyon,60,0,0,0,1,0,0,1,0.3468055921327309,1.2,0.0,0.2427639144929116,1
Musée du flipper,48.8973362,2.3467198,Paris,15,0,1,0,0,1,0,0,0.7802857225639666,0.3,0.7,0.7562000057947765,1
Gîte d'enfant de la Tuilerie,45.793412,4.4817947,Lyon,5,1,0,0,0,1,0,0,0.7802857225639666,0.1,0.9,0.8162000057947766,1
Musée de la Magie,48.8531207,2.361167,Paris,15,0,1,0,0,1,0,0,0.7802857225639666,0.3,0.7,0.7562000057947765,1
ComhiC eBike Segway Tour,45.7640438,4.8288457,Lyon,5,1,0,0,0,1,0,0,0.7802857225639666,0.1,0.9,0.8162000057947766,1
Espace Muséal de Gandil,45.7334838,5.0024745,Lyon,15,0,1,0,0,1,0,0,0.7802857225639666,0.3,0.7,0.7562000057947765,1
Mundolingua,48.8501854,2.3346494,Paris,15,0,1,0,0,1,0,0,0.7802857225639666,0.3,0.7,0.7562000057947765,1
Little Villette,48.8906392,2.3898159,Paris,15,0,1,0,0,1,0,0,0.7802857225639666,0.3,0.7,0.7562000057947765,1
Exalto,45.768011,4.9794671,Lyon,60,0,0,0,1,0,0,1,0.3468055921327309,1.2,0.0,0.2427639144929116,1
Maison de pays,45.6185926,4.6710147,Lyon,15,0,1,0,0,1,0,0,0.7802857225639666,0.3,0.7,0.7562000057947765,1
Musée de l'illusion,48.863307,2.3499796,Paris,15,0,1,0,0,1,0,0,0.7802857225639666,0.3,0.7,0.7562000057947765,1
cour du Bon conseil,48.8488403,2.3080453,Paris,0,0,0,1,0,0,1,0,0.892797576724562,0.0,1.0,0.9249583037071933,1
Soierie Vivante,45.7758106,4.8365935,Lyon,15,0,1,0,0,1,0,0,0.7802857225639666,0.3,0.7,0.7562000057947765,1
Soierie Vivante,45.7802088,4.8370503,Lyon,15,0,1,0,0,1,0,0,0.7802857225639666,0.3,0.7,0.7562000057947765,1
Musée d'art religieux de Fourvière,45.7618667,4.8226203,Lyon,15,0,1,0,0,1,0,0,0.7802857225639666,0.3,0.7,0.7562000057947765,1
Rivoli 59,48.8592267,2.3456573,Paris,5,1,0,0,0,1,0,0,0.7802857225639666,0.1,0.9,0.8162000057947766,1
Parc du Grand Clos,45.6137861,4.813317,Lyon,0,0,0,1,0,0,1,0,0.892797576724562,0.0,1.0,0.9249583037071933,1
Musée de l'Illusion,45.7590059,4.8361266,Lyon,15,0,1,0,0,1,0,0,0.7802857225639666,0.3,0.7,0.7562000057947765,1
institut culturel du judaïsme,45.7518115,4.8511261,Lyon,15,0,1,0,0,1,0,0,0.7802857225639666,0.3,0.7,0.7562000057947765,1
Musée Paul Buyer,45.6611358,4.6323444,Lyon,15,0,1,0,0,1,0,0,0.7802857225639666,0.3,0.7,0.7562000057947765,1
Fondation Azzedine Alaïa,48.8575225,2.3550725,Paris,15,0,1,0,0,1,0,0,0.7802857225639666,0.3,0.7,0.7562000057947765,1
Magic mirror,48.8327962,2.3881581,Paris,5,1,0,0,0,1,0,0,0.7802857225639666,0.1,0.9,0.8162000057947766,1
Traboule 27 quai Saint Antoine - 58 rue Mercière,45.7625023,4.8325477,Lyon,5,1,0,0,0,1,0,0,0.7802857225639666,0.1,0.9,0.8162000057947766,1
The Walled Off Hotel,48.8746674,2.3416609,Paris,15,0,1,0,0,1,0,0,0.7802857225639666,0.3,0.7,0.7562000057947765,1
Musée Banksy,48.8746285,2.3417156,Paris,15,0,1,0,0,1,0,0,0.7802857225639666,0.3,0.7,0.7562000057947765,1
Europa Expérience,48.8707339,2.3258194,Paris,15,0,1,0,0,1,0,0,0.7802857225639666,0.3,0.7,0.7562000057947765,1
La Bonne Maison,45.7415011,4.809481,Lyon,0,0,0,1,0,0,1,0,0.892797576724562,0.0,1.0,0.9249583037071933,1
Tomaselli Collection,45.7781019,4.8005576,Lyon,15,0,1,0,0,1,0,0,0.7802857225639666,0.3,0.7,0.7562000057947765,1
Musée des soieries Brochier,45.7597657,4.8372966,Lyon,15,0,1,0,0,1,0,0,0.7802857225639666,0.3,0.7,0.7562000057947765,1
Jacques Offenbach,48.8894063,2.3290814,Paris,5,1,0,0,0,1,0,0,0.7802857225639666,0.1,0.9,0.8162000057947766,1
Pendule de Foucault,48.8461929,2.3461361,Paris,5,1,0,0,0,1,0,0,0.7802857225639666,0.1,0.9,0.8162000057947766,1
Pendule de Foucault,48.8659656,2.3550493,Paris,5,1,0,0,0,1,0,0,0.7802857225639666,0.1,0.9,0.8162000057947766,1
Wine and Ride Condrieu,45.4629549,4.7788552,Lyon,5,1,0,0,0,1,0,0,0.7802857225639666,0.1,0.9,0.8162000057947766,1
square Elisa Lemonier,45.749692,4.8605579,Lyon,0,0,0,1,0,0,1,0,0.892797576724562,0.0,1.0,0.9249583037071933,1
Jardin du Presbytère,45.8143117,4.8179248,Lyon,0,0,0,1,0,0,1,0,0.892797576724562,0.0,1.0,0.9249583037071933,1
Grand Palais immersif,48.8512072,2.3704445,Paris,15,0,1,0,0,1,0,0,0.7802857225639666,0.3,0.7,0.7562000057947765,1
Jardin des papillons,48.8396348,2.4425604,Paris,5,1,0,0,0,1,0,0,0.7802857225639666,0.1,0.9,0.8162000057947766,1
Pirogue Monoxyle du Parc de la Tête d'Or,45.7784854,4.847031,Lyon,5,1,0,0,0,1,0,0,0.7802857225639666,0.1,0.9,0.8162000057947766,1
Rex Studio,48.8705976,2.3472734,Paris,5,1,0,0,0,1,0,0,0.7802857225639666,0.1,0.9,0.8162000057947766,1
Maison Gainsbourg,48.8574457,2.3311429,Paris,15,0,1,0,0,1,0,0,0.7802857225639666,0.3,0.7,0.7562000057947765,1
Jungle Parc,45.6465273,4.9078239,Lyon,60,0,0,0,1,0,0,1,0.3468055921327309,1.2,0.0,0.2427639144929116,1
Maison Traditionnelle Japonaise,48.8664875,2.2940497,Paris,5,1,0,0,0,1,0,0,0.7802857225639666,0.1,0.9,0.8162000057947766,1
Plateau d'Yzeron,45.7040426,4.5792132,Lyon,60,0,0,0,1,0,0,1,0.3468055921327309,1.2,0.0,0.2427639144929116,1
Paradox Museum,48.8712146,2.3344291,Paris,15,0,1,0,0,1,0,0,0.7802857225639666,0.3,0.7,0.7562000057947765,1
Musée des égouts,48.8626334,2.3025814,Paris,15,0,1,0,0,1,0,0,0.7802857225639666,0.3,0.7,0.7562000057947765,1
Park Events,45.7157491,4.8592555,Lyon,60,0,0,0,1,0,0,1,0.3468055921327309,1.2,0.0,0.2427639144929116,1
Musée social,48.8578592,2.321811,Paris,15,0,1,0,0,1,0,0,0.7802857225639666,0.3,0.7,0.7562000057947765,1
Maison Poincaré,48.8441489,2.3439751,Paris,15,0,1,0,0,1,0,0,0.7802857225639666,0.3,0.7,0.7562000057947765,1
Musée Curie,48.8442383,2.3447906,Paris,15,0,1,0,0,1,0,0,0.7802857225639666,0.3,0.7,0.7562000057947765,1
Musée des géomètres-experts de la région Auvergne-Rhône-Alpes,45.7428824,4.8213275,Lyon,15,0,1,0,0,1,0,0,0.7802857225639666,0.3,0.7,0.7562000057947765,1
Tombeau de Napoleon Ier,48.855027,2.3125378,Paris,5,1,0,0,0,1,0,0,0.7802857225639666,0.1,0.9,0.8162000057947766,1
Animaponey,48.8783161,2.3098907,Paris,5,1,0,0,0,1,0,0,0.7802857225639666,0.1,0.9,0.8162000057947766,1
Voiture RATP,48.8428105,2.3720181,Paris,5,1,0,0,0,1,0,0,0.7802857225639666,0.1,0.9,0.8162000057947766,1
Ancienne Légation de Lituanie (1925-40),48.8827946,2.3111548,Paris,5,1,0,0,0,1,0,0,0.7802857225639666,0.1,0.9,0.8162000057947766,1
Suricate,48.8333918,2.4191471,Paris,5,1,0,0,0,1,0,0,0.7802857225639666,0.1,0.9,0.8162000057947766,1
Pécari,48.833814,2.4174714,Paris,5,1,0,0,0,1,0,0,0.7802857225639666,0.1,0.9,0.8162000057947766,1
Ouistiti,48.8331903,2.4170601,Paris,5,1,0,0,0,1,0,0,0.7802857225639666,0.1,0.9,0.8162000057947766,1
Nandou de Darwin,48.832124,2.4167573,Paris,5,1,0,0,0,1,0,0,0.7802857225639666,0.1,0.9,0.8162000057947766,1
Gazelle de Mhorr,48.8327389,2.4183429,Paris,5,1,0,0,0,1,0,0,0.7802857225639666,0.1,0.9,0.8162000057947766,1
Hippotrague,48.8316359,2.4195937,Paris,5,1,0,0,0,1,0,0,0.7802857225639666,0.1,0.9,0.8162000057947766,1
Aquarium,48.8333192,2.4165249,Paris,5,1,0,0,0,1,0,0,0.7802857225639666,0.1,0.9,0.8162000057947766,1
Caméléon,48.8334197,2.4165534,Paris,5,1,0,0,0,1,0,0,0.7802857225639666,0.1,0.9,0.8162000057947766,1
Lamantin,48.833401,2.4169031,Paris,5,1,0,0,0,1,0,0,0.7802857225639666,0.1,0.9,0.8162000057947766,1
Serpents,48.8336079,2.4172073,Paris,5,1,0,0,0,1,0,0,0.7802857225639666,0.1,0.9,0.8162000057947766,1
Fourmi,48.8336574,2.4169327,Paris,5,1,0,0,0,1,0,0,0.7802857225639666,0.1,0.9,0.8162000057947766,1
Lémuriens,48.8332408,2.4158162,Paris,5,1,0,0,0,1,0,0,0.7802857225639666,0.1,0.9,0.8162000057947766,1
Repère de crue 1910,48.8429972,2.2794193,Paris,5,1,0,0,0,1,0,0,0.7802857225639666,0.1,0.9,0.8162000057947766,1
Église Saint Antoine,48.8486784,2.3742707,Paris,5,1,0,0,0,1,0,0,0.7802857225639666,0.1,0.9,0.8162000057947766,1
La Baie des Pirates,45.7490416,4.741233,Lyon,60,0,0,0,1,0,0,1,0.3468055921327309,1.2,0.0,0.2427639144929116,1
Circuit de Land’Art,45.6585476,4.6023867,Lyon,5,1,0,0,0,1,0,0,0.7802857225639666,0.1,0.9,0.8162000057947766,1
La Maison Elysée,48.8708455,2.3170121,Paris,15,0,1,0,0,1,0,0,0.7802857225639666,0.3,0.7,0.7562000057947765,1
Musée du Parfum Fragonard,48.8715287,2.330216,Paris,15,0,1,0,0,1,0,0,0.7802857225639666,0.3,0.7,0.7562000057947765,1
Abandoned car in the Forest,45.800215,4.9981935,Lyon,5,1,0,0,0,1,0,0,0.7802857225639666,0.1,0.9,0.8162000057947766,1
Musée de l'informatique du centre de calcul de l'IN2P3,45.7826131,4.8653343,Lyon,15,0,1,0,0,1,0,0,0.7802857225639666,0.3,0.7,0.7562000057947765,1
Science Expériences,45.7616492,4.8361288,Lyon,15,0,1,0,0,1,0,0,0.7802857225639666,0.3,0.7,0.7562000057947765,1
Musée français de la radiologie et de l'imagerie médicale,48.8242959,2.3481253,Paris,15,0,1,0,0,1,0,0,0.7802857225639666,0.3,0.7,0.7562000057947765,1
Musée Méliès,48.8368258,2.3823836,Paris,15,0,1,0,0,1,0,0,0.7802857225639666,0.3,0.7,0.7562000057947765,1
Musée de l'Arc de Triomphe,48.8739094,2.2952454,Paris,15,0,1,0,0,1,0,0,0.7802857225639666,0.3,0.7,0.7562000057947765,1
Salle des traditions de la Garde républicaine,48.8513463,2.3638643,Paris,15,0,1,0,0,1,0,0,0.7802857225639666,0.3,0.7,0.7562000057947765,1
Maison d'Auguste Comte,48.851041,2.3393342,Paris,15,0,1,0,0,1,0,0,0.7802857225639666,0.3,0.7,0.7562000057947765,1
Mémorial du bombardement de Paris du 20 janvier 1918 et de la libération de Paris le 15 août 1944,48.8455769,2.3396519,Paris,5,1,0,0,0,1,0,0,0.7802857225639666,0.1,0.9,0.8162000057947766,1
Le Donjon - Escape The Room,48.8674366,2.3641835,Paris,5,1,0,0,0,1,0,0,0.7802857225639666,0.1,0.9,0.8162000057947766,1
Alley Concept Street,48.8857206,2.3385525,Paris,5,1,0,0,0,1,0,0,0.7802857225639666,0.1,0.9,0.8162000057947766,1
Musée national Jean-Jacques Henner,48.8830349,2.3076969,Paris,15,0,1,0,0,1,0,0,0.7802857225639666,0.3,0.7,0.7562000057947765,1
Droguier de Lyon,45.7411958,4.8813131,Lyon,15,0,1,0,0,1,0,0,0.7802857225639666,0.3,0.7,0.7562000057947765,1
La Voie Bleue - Km 0,45.7334485,4.8189137,Lyon,5,1,0,0,0,1,0,0,0.7802857225639666,0.1,0.9,0.8162000057947766,1
Musée du Nouvel Institut Franco-Chinois,45.7546436,4.811146,Lyon,15,0,1,0,0,1,0,0,0.7802857225639666,0.3,0.7,0.7562000057947765,1
Sainte-Luce,45.781267,4.7390606,Lyon,0,0,0,1,0,0,1,0,0.892797576724562,0.0,1.0,0.9249583037071933,1
Musée de la Légion d'Honneur et des Ordres de Chevalerie,48.8602946,2.3247235,Paris,15,0,1,0,0,1,0,0,0.7802857225639666,0.3,0.7,0.7562000057947765,1
"Paris Plages, Caroussel, Boats, Fun",48.8870296,2.3776204,Paris,60,0,0,0,1,0,0,1,0.3468055921327309,1.2,0.0,0.2427639144929116,1
Pop Corn Labyrinthe,45.6464533,4.9787902,Lyon,60,0,0,0,1,0,0,1,0.3468055921327309,1.2,0.0,0.2427639144929116,1
Phono Museum,48.8820921,2.3413277,Paris,15,0,1,0,0,1,0,0,0.7802857225639666,0.3,0.7,0.7562000057947765,1
Musée Hector Guimard,48.8506221,2.2708181,Paris,15,0,1,0,0,1,0,0,0.7802857225639666,0.3,0.7,0.7562000057947765,1
Pagoda Paris,48.8766896,2.3076952,Paris,15,0,1,0,0,1,0,0,0.7802857225639666,0.3,0.7,0.7562000057947765,1
"Plaque commémorative du bombardement de Paris par l'avions allemands, le 30 janvier 1918",48.8456575,2.3401335,Paris,5,1,0,0,0,1,0,0,0.7802857225639666,0.1,0.9,0.8162000057947766,1
Plaque commémorant le bombardement du allemand «  canons parisiens » le 12 avril 1918,48.8555965,2.3599315,Paris,5,1,0,0,0,1,0,0,0.7802857225639666,0.1,0.9,0.8162000057947766,1
Espace Krajcberg,48.84353,2.3216046,Paris,15,0,1,0,0,1,0,0,0.7802857225639666,0.3,0.7,0.7562000057947765,1
Astrolabe ESA HQ Visitor Center and Space Shop,48.8484072,2.3041079,Paris,15,0,1,0,0,1,0,0,0.7802857225639666,0.3,0.7,0.7562000057947765,1
Oryx d'ArabiÉmeu,48.845196,2.3619188,Paris,5,1,0,0,0,1,0,0,0.7802857225639666,0.1,0.9,0.8162000057947766,1
Certopithèque de l'Hoest,48.8451526,2.3611224,Paris,5,1,0,0,0,1,0,0,0.7802857225639666,0.1,0.9,0.8162000057947766,1
Mangabey couronné,48.845225,2.3611956,Paris,5,1,0,0,0,1,0,0,0.7802857225639666,0.1,0.9,0.8162000057947766,1
Mangabey couronné,48.8452637,2.3608992,Paris,5,1,0,0,0,1,0,0,0.7802857225639666,0.1,0.9,0.8162000057947766,1
Mangabey noir,48.8453205,2.360942,Paris,5,1,0,0,0,1,0,0,0.7802857225639666,0.1,0.9,0.8162000057947766,1
Panthère de Chine du Nord,48.8458278,2.3608576,Paris,5,1,0,0,0,1,0,0,0.7802857225639666,0.1,0.9,0.8162000057947766,1
Orang-outan de Bornéo,48.8451744,2.3609946,Paris,5,1,0,0,0,1,0,0,0.7802857225639666,0.1,0.9,0.8162000057947766,1
La maison des histoires,48.8547976,2.3742376,Paris,15,0,1,0,0,1,0,0,0.7802857225639666,0.3,0.7,0.7562000057947765,1
Fondation Cartier pour l'art contemporain,48.8621189,2.3382323,Paris,15,0,1,0,0,1,0,0,0.7802857225639666,0.3,0.7,0.7562000057947765,1
Amazone à joues vertes,48.845857,2.3602594,Paris,5,1,0,0,0,1,0,0,0.7802857225639666,0.1,0.9,0.8162000057947766,1
Jurassic Island,48.8781433,2.2655118,Paris,5,1,0,0,0,1,0,0,0.7802857225639666,0.1,0.9,0.8162000057947766,1
Micro-Folie,45.7911379,4.7854002,Lyon,15,0,1,0,0,1,0,0,0.7802857225639666,0.3,0.7,0.7562000057947765,1
Ancien Garage du Méridien,45.7736112,4.7528002,Lyon,5,1,0,0,0,1,0,0,0.7802857225639666,0.1,0.9,0.8162000057947766,1
La Maison des histoires,48.8516688,2.3283045,Paris,15,0,1,0,0,1,0,0,0.7802857225639666,0.3,0.7,0.7562000057947765,1
Parc de la Garde,45.7601686,4.7908422,Lyon,0,0,0,1,0,0,1,0,0.892797576724562,0.0,1.0,0.9249583037071933,1
Hall d'honneur,48.8430301,2.3356999,Paris,5,1,0,0,0,1,0,0,0.7802857225639666,0.1,0.9,0.8162000057947766,1
Parcours Biodiversité,48.830918,2.4182107,Paris,5,1,0,0,0,1,0,0,0.7802857225639666,0.1,0.9,0.8162000057947766,1
